lo_mhz,rx1_dbfs,rx1_image_dbc,rx1_lo_dbc,rx1_spur_dbc,rx2_dbfs,rx2_image_dbc,rx2_lo_dbc,rx2_spur_dbc
100.00,-30.87,-50.23,-55.97,-55.81,-40.01,-43.27,-45.60,-46.09
200.00,-26.18,-64.43,-59.07,-57.60,-35.86,-67.39,-48.12,-50.70
433.92,-26.23,-54.61,-57.59,-55.39,-35.65,-60.75,-45.53,-50.91
600.00,-25.58,-59.80,-60.78,-58.13,-35.59,-63.32,-47.56,-51.07
868.00,-24.47,-73.82,-58.46,-59.86,-34.26,-68.06,-52.14,-51.91
1000.00,-25.43,-72.45,-56.11,-59.15,-35.90,-59.03,-46.74,-49.73
1500.00,-25.80,-79.09,-57.69,-57.15,-34.99,-54.36,-45.54,-51.76
2000.00,-27.18,-45.60,-52.74,-56.02,-37.35,-47.48,-44.45,-47.33
2400.00,-29.66,-51.38,-50.44,-49.49,-38.90,-55.93,-46.19,-47.65
3000.00,-33.42,-52.42,-44.46,-53.91,-44.25,-43.45,-36.06,-41.88
3500.00,-34.90,-54.17,-47.10,-51.03,-46.39,-44.38,-33.61,-39.54
4000.00,-38.69,-52.46,-40.78,-47.44,-48.19,-35.75,-33.74,-37.50
5000.00,-38.62,-52.35,-37.01,-42.38,-45.62,-38.42,-32.72,-38.95
5800.00,-41.79,-51.96,-35.99,-44.85,-51.75,-31.88,-25.58,-33.56
